vendor_id,pickup_datetime,dropoff_datetime,passenger_count,trip_distance,rate_code,store_and_fwd_flag,payment_type,fare_amount,extra,mta_tax,tip_amount,tolls_amount,imp_surcharge,airport_fee,total_amount,pickup_location_id,dropoff_location_id,data_file_year,data_file_month
1,1/21/2015 18:57:33,1/21/2015 18:57:33,1,0,1,Y,2,0,0,0,0,0,0,,0,132,264,2015,1
1,1/16/2015 8:06:36,1/16/2015 8:08:18,1,0,1,N,1,0,0,0,0,0,0,,0,265,265,2015,1
1,1/22/2015 23:29:35,1/23/2015 0:19:51,1,12.8,1,N,2,0,0,0,0,0,0,,0,132,164,2015,1
1,1/16/2015 11:23:13,1/16/2015 11:23:13,2,0,5,N,2,0,0,0,0,0,0,,0,161,264,2015,1
1,1/22/2015 4:42:49,1/22/2015 4:42:49,1,0,5,N,2,0,0,0,0,0,0,,0,1,264,2015,1
1,1/15/2015 18:56:04,1/15/2015 18:56:04,1,0,5,N,2,0,0,0,0,0,0,,0,265,264,2015,1
1,1/20/2015 7:29:30,1/20/2015 7:29:30,1,0,5,Y,2,0,0,0,0,0,0,,0,144,264,2015,1
1,1/9/2015 20:23:37,1/9/2015 20:23:37,1,0,1,N,2,0,0,0,0,0,0,,0,137,264,2015,1
1,1/17/2015 1:49:59,1/17/2015 1:49:59,1,0,99,N,2,0,0,0,0,0,0,,0,265,264,2015,1
1,1/12/2015 13:14:07,1/12/2015 13:14:07,1,0,5,N,2,0,0,0,0,0,0,,0,159,264,2015,1
2,1/11/2015 15:11:50,1/11/2015 15:40:12,4,12.1,1,N,2,0,0,0.5,0,0,0.3,,0,138,191,2015,1
1,1/20/2015 18:43:42,1/20/2015 18:43:42,1,0,5,N,2,0,0,0,0,0,0,,0,164,264,2015,1
1,1/7/2015 11:40:13,1/7/2015 11:40:13,1,0,5,N,2,0,0,0,0,0,0,,0,233,264,2015,1
1,1/24/2015 4:59:53,1/24/2015 4:59:53,1,0,5,N,2,0,0,0,0,0,0,,0,170,264,2015,1
1,1/31/2015 19:30:44,1/31/2015 19:30:44,2,0,5,N,2,0,0,0,0,0,0,,0,170,264,2015,1
1,1/17/2015 12:28:56,1/17/2015 12:29:33,1,0,1,N,3,0,0,0,0,0,0,,0,146,146,2015,1
1,1/17/2015 16:37:23,1/17/2015 17:28:12,1,0,1,N,2,0,0,0,0,0,0,,0,132,148,2015,1
1,1/10/2015 6:11:08,1/10/2015 6:12:20,1,0,5,N,1,0,0,0,0,0,0,,0,201,117,2015,1
1,1/24/2015 4:07:52,1/24/2015 6:07:52,0,0,99,Y,1,0,0,0,0,0,0,,0,74,264,2015,1
1,1/6/2015 0:03:50,1/6/2015 0:03:50,1,0,5,N,2,0,0,0,0,0,0,,0,80,264,2015,1
1,1/18/2015 20:24:32,1/18/2015 20:24:32,1,0,5,N,2,0,0,0,0,0,0,,0,137,264,2015,1
1,1/6/2015 8:51:41,1/6/2015 8:51:41,1,0,5,N,2,0,0,0,0,0,0,,0,166,264,2015,1
1,1/21/2015 13:30:19,1/21/2015 13:30:56,1,0.2,4,N,3,0,0,0.5,0,0,0.3,,0.8,186,186,2015,1
1,1/14/2015 23:16:30,1/14/2015 23:17:40,1,0.2,5,N,2,0,0,0,0,0,0.3,,0.3,170,170,2015,1
1,1/2/2015 6:27:27,1/2/2015 6:36:44,1,3,5,N,3,0,0,0,0,0,0,,0.3,182,208,2015,1
1,1/9/2015 20:09:03,1/9/2015 20:09:24,1,0,5,N,2,0,0,0,0,0,0.3,,0.3,137,137,2015,1
1,1/17/2015 0:17:07,1/17/2015 0:17:56,1,0,5,N,2,0,0,0,0,0,0.3,,0.3,265,265,2015,1
1,1/4/2015 11:30:54,1/4/2015 11:31:27,2,0.1,5,N,3,0,0,0,0,0,0,,0.3,54,54,2015,1
1,1/14/2015 20:54:39,1/14/2015 20:56:43,1,0.3,5,N,3,0,0,0,0,0,0.3,,0.3,142,163,2015,1
1,1/20/2015 23:45:47,1/20/2015 23:47:34,1,3.4,5,N,2,0,0,0,0,0,0.3,,0.3,265,265,2015,1
1,1/16/2015 11:51:00,1/16/2015 11:51:14,0,4,5,Y,2,0,0,0,0,0,0.3,,0.3,138,138,2015,1
1,1/21/2015 22:42:59,1/21/2015 22:46:34,1,0.4,5,N,2,0,0,0,0,0,0.3,,0.3,100,161,2015,1
1,1/22/2015 5:08:18,1/22/2015 5:18:30,2,4,5,N,2,0,0,0,0,0,0.3,,0.3,246,265,2015,1
1,1/29/2015 21:49:51,1/29/2015 21:50:19,1,0,5,N,2,0,0,0,0,0,0.3,,0.3,13,13,2015,1
1,1/16/2015 23:33:56,1/16/2015 23:34:29,2,9.6,5,N,1,0,0,0,0,0,0.3,,0.3,14,14,2015,1
1,1/25/2015 2:11:39,1/25/2015 2:12:49,1,9.3,5,N,2,0,0,0,0,0,0.3,,0.3,212,212,2015,1
1,1/13/2015 16:24:54,1/13/2015 16:24:54,1,0,5,N,2,0,0,0,0,0,0.3,,0.3,125,264,2015,1
1,1/13/2015 22:13:39,1/13/2015 22:15:50,1,0.4,5,N,3,0,0,0,0,0,0.3,,0.3,161,230,2015,1
1,1/26/2015 13:57:01,1/26/2015 13:57:30,1,0.5,5,N,3,0,0,0,0,0,0.3,,0.3,249,249,2015,1
1,1/2/2015 13:50:48,1/2/2015 14:29:22,1,0,5,N,4,0,0,0,0,0,0,,0.3,132,132,2015,1
1,1/2/2015 13:57:26,1/2/2015 13:58:00,2,0.1,5,N,3,0,0,0,0,0,0,,0.3,1,1,2015,1
1,1/15/2015 2:09:01,1/15/2015 2:28:43,1,5.6,5,N,4,0,0,0,0,0,0.3,,0.3,246,265,2015,1
1,1/3/2015 3:00:15,1/3/2015 3:01:42,2,0,5,N,2,0,0,0,0,0,0,,0.3,170,170,2015,1
1,1/16/2015 22:32:47,1/16/2015 22:33:50,1,0.8,5,N,3,0,0,0,0,0,0.3,,0.3,14,6,2015,1
1,1/16/2015 16:39:33,1/16/2015 16:39:56,0,0,5,N,2,0,0,0,0,0,0.3,,0.3,264,264,2015,1
1,1/20/2015 8:29:36,1/20/2015 8:29:36,2,0,5,N,2,0,0,0,0,0,0.3,,0.3,230,264,2015,1
1,1/8/2015 23:54:48,1/9/2015 0:47:08,1,12.8,5,N,2,0,0,0,0,0,0.3,,0.3,161,265,2015,1
1,1/21/2015 16:15:24,1/21/2015 16:16:40,1,0,5,N,4,0,0,0,0,0,0.3,,0.3,260,260,2015,1
1,1/3/2015 22:52:05,1/3/2015 22:52:05,1,0,99,N,2,0,0,0,0,0,0,,0.3,79,79,2015,1
1,1/1/2015 23:06:52,1/1/2015 23:06:52,1,0,5,N,2,0,0,0,0,0,0,,0.3,170,264,2015,1
1,1/10/2015 18:48:43,1/10/2015 18:54:04,1,0.8,5,N,2,0,0,0,0,0,0.3,,0.3,265,265,2015,1
1,1/10/2015 22:05:54,1/10/2015 22:05:54,1,0,5,Y,2,0,0,0,0,0,0.3,,0.3,168,264,2015,1
1,1/1/2015 4:44:25,1/1/2015 4:47:20,1,1.7,5,N,2,0,0,0,0,0,0,,0.3,265,265,2015,1
1,1/19/2015 23:54:31,1/19/2015 23:56:04,1,1.2,5,N,3,0,0,0,0,0,0.3,,0.3,235,244,2015,1
1,1/15/2015 20:43:10,1/15/2015 20:44:24,1,11.2,5,N,3,0,0,0,0,0,0.3,,0.3,230,230,2015,1
1,1/22/2015 4:09:41,1/22/2015 4:09:41,1,0,5,N,2,0,0,0,0,0,0.3,,0.3,265,264,2015,1
1,1/15/2015 9:29:07,1/15/2015 9:31:43,1,0.7,5,N,3,0,0,0,0,0,0.3,,0.3,137,107,2015,1
1,1/29/2015 12:27:01,1/29/2015 12:27:01,1,0,5,N,2,0,0,0,0,0,0.3,,0.3,237,264,2015,1
1,1/1/2015 12:26:37,1/1/2015 12:28:24,3,0.5,5,N,2,0,0,0,0,0,0,,0.3,132,132,2015,1
1,1/25/2015 4:28:11,1/25/2015 4:36:09,1,72.2,5,N,2,0,0,0,0,0,0.3,,0.3,243,265,2015,1
1,1/9/2015 22:18:54,1/9/2015 22:19:28,1,0.1,5,N,3,0,0,0,0,0,0.3,,0.3,132,132,2015,1
1,1/14/2015 3:43:18,1/14/2015 3:58:53,1,5.9,5,N,3,0,0,0,0,0,0.3,,0.3,79,265,2015,1
1,1/22/2015 23:44:33,1/22/2015 23:44:33,1,0,5,Y,2,0,0,0,0,0,0.3,,0.3,48,264,2015,1
1,1/13/2015 15:54:26,1/13/2015 16:25:04,2,6.4,5,N,2,0,0,0,0,0,0.3,,0.3,113,62,2015,1
1,1/2/2015 10:44:06,1/2/2015 11:36:30,1,11.3,5,N,3,0,0,0,0,0,0,,0.3,142,142,2015,1
1,1/12/2015 0:51:17,1/12/2015 0:52:28,1,0.1,5,N,2,0,0,0,0,0,0.3,,0.3,163,163,2015,1
1,1/9/2015 9:07:07,1/9/2015 9:07:50,2,0.2,5,N,2,0,0,0,0,0,0.3,,0.3,138,138,2015,1
1,1/2/2015 15:36:33,1/2/2015 15:36:38,0,3.7,5,Y,2,0,0,0,0,0,0,,0.3,1,1,2015,1
1,1/1/2015 1:04:40,1/1/2015 1:06:21,3,5.4,5,N,1,0,0,0,0,0,0,,0.3,265,265,2015,1
1,1/26/2015 12:22:15,1/26/2015 12:26:32,1,1.9,5,N,3,0,0,0,0,0,0.3,,0.3,265,1,2015,1
1,1/16/2015 17:43:23,1/16/2015 17:43:36,1,0,5,Y,2,0,0,0,0,0,0.3,,0.3,48,48,2015,1
1,1/21/2015 19:11:48,1/21/2015 19:12:57,1,0.4,5,N,2,0,0,0,0,0,0.3,,0.3,265,265,2015,1
1,1/3/2015 21:15:28,1/3/2015 21:15:50,1,0,5,N,2,0,0,0,0,0,0,,0.3,165,165,2015,1
1,1/4/2015 0:17:08,1/4/2015 0:18:01,1,0,5,N,3,0,0,0,0,0,0,,0.3,164,164,2015,1
1,1/29/2015 13:59:30,1/29/2015 13:59:36,1,0,5,N,2,0,0,0,0,0,0.3,,0.3,166,166,2015,1
1,1/15/2015 17:04:25,1/15/2015 17:04:32,1,0.1,5,N,3,0,0,0,0,0,0.3,,0.3,132,132,2015,1
1,1/22/2015 7:20:19,1/22/2015 8:16:56,1,233.2,5,N,2,0,0,0,0,0,0.3,,0.3,265,265,2015,1
1,1/18/2015 14:11:15,1/18/2015 14:16:15,1,0.3,5,N,3,0,0,0,0,0,0.3,,0.3,142,163,2015,1
1,1/2/2015 7:40:56,1/2/2015 7:43:05,1,0,5,N,2,0,0,0,0,0,0,,0.3,170,170,2015,1
1,1/15/2015 11:39:32,1/15/2015 11:40:26,2,0.1,5,N,2,0,0,0,0,0,0.3,,0.3,144,144,2015,1
1,1/6/2015 14:37:46,1/6/2015 14:38:51,1,0.1,5,N,2,0,0,0,0,0,0.3,,0.3,163,162,2015,1
1,1/13/2015 11:15:07,1/13/2015 11:15:36,1,0.2,5,N,2,0,0,0,0,0,0.3,,0.3,236,236,2015,1
1,1/30/2015 21:51:57,1/30/2015 21:52:57,1,0.1,5,N,2,0,0,0,0,0,0.3,,0.3,265,265,2015,1
1,1/17/2015 14:08:19,1/17/2015 14:09:02,1,0.1,5,N,3,0,0,0,0,0,0.3,,0.3,230,230,2015,1
1,1/30/2015 0:17:28,1/30/2015 0:53:35,1,60,5,N,3,0,0,0,0,0,0.3,,0.3,56,226,2015,1
1,1/7/2015 14:31:59,1/7/2015 14:32:07,0,11.7,5,N,2,0,0,0,0,0,0.3,,0.3,82,82,2015,1
1,1/4/2015 3:12:25,1/4/2015 3:58:20,1,25.6,5,N,2,0,0,0,0,0,0,,0.3,100,216,2015,1
1,1/22/2015 13:08:43,1/22/2015 13:09:24,1,0.1,5,N,3,0,0,0,0,0,0.3,,0.3,237,237,2015,1
1,1/4/2015 11:11:48,1/4/2015 12:45:27,1,58.5,5,N,2,0,0,0,0,0,0,,0.3,108,265,2015,1
1,1/1/2015 3:56:31,1/1/2015 3:57:17,2,0,5,N,3,0,0,0,0,0,0,,0.3,265,265,2015,1
1,1/24/2015 0:34:07,1/24/2015 0:35:03,1,0.1,5,N,3,0,0,0,0,0,0.3,,0.3,262,262,2015,1
1,1/19/2015 8:43:17,1/19/2015 8:43:17,1,0,5,N,2,0,0,0,0,0,0.3,,0.3,246,264,2015,1
1,1/30/2015 13:22:28,1/30/2015 13:22:47,1,2.3,5,N,3,0,0,0,0,0,0.3,,0.3,262,262,2015,1
1,1/24/2015 2:05:05,1/24/2015 2:12:50,2,0.8,5,N,3,0,0,0,0,0,0.3,,0.3,158,246,2015,1
1,1/6/2015 1:47:48,1/6/2015 1:48:34,2,0.1,5,N,2,0,0,0,0,0,0.3,,0.3,48,48,2015,1
1,1/6/2015 5:35:33,1/6/2015 5:35:33,1,0,5,N,2,0,0,0,0,0,0.3,,0.3,26,264,2015,1
1,1/19/2015 1:33:54,1/19/2015 1:53:29,1,9.2,5,N,3,0,0,0,0,0,0.3,,0.3,7,265,2015,1
1,1/12/2015 1:25:49,1/12/2015 1:33:11,1,1.4,5,N,3,0,0,0,0,0,0.3,,0.3,162,48,2015,1
1,1/7/2015 0:16:00,1/7/2015 0:16:27,1,0.3,5,N,2,0,0,0,0,0,0.3,,0.3,264,264,2015,1
1,1/7/2015 1:33:12,1/7/2015 1:33:42,2,6.8,5,N,2,0,0,0,0,0,0.3,,0.3,264,264,2015,1
1,1/31/2015 21:22:18,1/31/2015 21:22:37,1,0,5,N,3,0,0,0,0,0,0.3,,0.3,264,264,2015,1
1,1/6/2015 1:24:07,1/6/2015 1:47:10,1,0.4,5,N,3,0,0,0,0,0,0.3,,0.3,265,255,2015,1
1,1/31/2015 16:03:42,1/31/2015 16:03:49,1,0,5,N,2,0,0,0,0,0,0.3,,0.3,145,145,2015,1
1,1/19/2015 3:15:38,1/19/2015 3:17:44,1,1.4,5,N,3,0,0,0,0,0,0.3,,0.3,116,244,2015,1
1,1/11/2015 11:17:47,1/11/2015 11:18:16,1,0,5,N,3,0,0,0,0,0,0.3,,0.3,164,164,2015,1
1,1/30/2015 1:37:46,1/30/2015 1:37:46,1,0,5,N,2,0,0,0,0,0,0.3,,0.3,79,264,2015,1
1,1/4/2015 20:30:16,1/4/2015 20:31:08,2,0,5,N,3,0,0,0,0,0,0,,0.3,100,100,2015,1
1,1/19/2015 8:40:20,1/19/2015 8:41:06,1,3.5,5,N,4,0,0,0,0,0,0.3,,0.3,142,142,2015,1
1,1/23/2015 11:51:48,1/23/2015 11:53:23,1,0,5,N,2,0,0,0,0,0,0.3,,0.3,230,230,2015,1
1,1/31/2015 0:38:19,1/31/2015 0:39:59,2,0.2,5,N,3,0,0,0,0,0,0.3,,0.3,265,265,2015,1
1,1/29/2015 15:36:09,1/29/2015 16:39:10,1,18.9,5,N,1,0,0,0,103,17.08,0.3,,120.38,10,265,2015,1
1,1/19/2015 22:26:04,1/19/2015 22:37:01,1,3.6,5,N,1,0,0,0,50.37,9.75,0.3,,60.42,158,265,2015,1
1,1/29/2015 22:36:50,1/29/2015 23:10:05,1,14.7,5,N,2,0,0,0,0,2.44,0.3,,2.74,265,152,2015,1
1,1/28/2015 19:38:32,1/28/2015 20:26:41,1,23,5,N,3,0,0,0,0,15.08,0.3,,15.38,138,265,2015,1
1,1/12/2015 23:48:38,1/13/2015 0:18:46,1,14.2,5,N,3,0,0,0,0,15.08,0.3,,15.38,138,265,2015,1
1,1/22/2015 21:54:37,1/22/2015 22:06:33,1,1.5,3,N,1,0,0,0,11.1,0,0.3,,11.4,162,141,2015,1
1,1/31/2015 2:51:56,1/31/2015 2:58:16,1,2.1,5,N,1,0,0,0,30,0,0.3,,30.3,265,265,2015,1
1,1/9/2015 23:57:28,1/10/2015 0:39:25,1,31.6,5,N,1,0,0,0,25,0,0.3,,25.3,170,265,2015,1
1,1/16/2015 5:30:50,1/16/2015 5:34:05,1,1.9,5,N,3,0,0,0,0,15,0.3,,15.3,246,265,2015,1
1,1/15/2015 5:18:50,1/15/2015 5:19:31,1,0,5,N,4,0,0,0,0,10,0.3,,10.3,1,1,2015,1
1,1/25/2015 20:47:17,1/25/2015 21:20:11,1,18.4,5,N,1,0,0,0.5,0,15.08,0.3,,15.88,132,265,2015,1
1,1/15/2015 18:45:45,1/15/2015 19:23:53,1,7.9,5,N,2,0,0,0,0,17.08,0.3,,17.38,145,265,2015,1
1,1/17/2015 16:12:42,1/17/2015 17:11:58,3,21,5,N,3,0,0,0,0,17.08,0.3,,17.38,132,265,2015,1
1,1/23/2015 10:38:34,1/23/2015 11:10:28,2,16.4,5,N,4,0,0,0,0,10.96,0.3,,11.26,100,132,2015,1
1,1/24/2015 3:27:27,1/24/2015 3:47:47,2,5.8,5,N,1,0,0,0,60,0,0.3,,60.3,230,265,2015,1
1,1/23/2015 23:13:29,1/23/2015 23:33:02,2,4.7,5,N,1,0,0,0,55,9.75,0.3,,65.05,230,265,2015,1
1,1/4/2015 11:23:57,1/4/2015 11:52:45,2,14.7,5,N,1,0,0,0,0.1,11.75,0,,12.15,230,265,2015,1
1,1/28/2015 21:01:51,1/28/2015 21:17:41,5,8.9,5,N,1,0,0,0,45,9.75,0.3,,55.05,238,265,2015,1
1,1/13/2015 20:51:47,1/13/2015 21:03:46,1,3.6,5,N,1,0,0,0,45,9.75,0.3,,55.05,48,265,2015,1
1,1/17/2015 22:47:53,1/17/2015 22:47:53,2,0,5,Y,2,0,0,0,0,5.33,0,,5.33,164,264,2015,1
1,1/13/2015 16:21:52,1/13/2015 16:24:17,1,0.3,5,N,2,0,0,0,0,11.75,0.3,,12.05,265,265,2015,1
1,1/25/2015 13:40:33,1/25/2015 13:45:05,1,2.1,5,N,2,0,0,0,0,11.75,0.3,,12.05,265,231,2015,1
1,1/2/2015 16:11:20,1/2/2015 17:06:05,1,17.4,5,N,2,0,0,0,0,11.75,0,,12.05,87,265,2015,1
1,1/2/2015 8:22:14,1/2/2015 8:36:24,1,4,5,N,2,0,0,0,0,11.75,0,,12.05,125,265,2015,1
1,1/20/2015 19:43:22,1/20/2015 19:57:45,1,4.3,5,N,2,0,0,0,0,11.75,0.3,,12.05,170,265,2015,1
1,1/18/2015 16:11:43,1/18/2015 16:35:30,4,4.9,5,N,2,0,0,0,0,11.75,0.3,,12.05,231,265,2015,1
1,1/21/2015 0:40:20,1/21/2015 0:56:31,2,5.4,5,N,1,0,0,0,25,9.75,0.3,,35.05,158,265,2015,1
1,1/28/2015 23:08:09,1/28/2015 23:15:56,1,2.9,5,N,3,0,0,0,0,9.75,0.3,,10.05,13,265,2015,1
1,1/1/2015 4:11:12,1/1/2015 4:24:47,1,3.8,5,N,2,0,0,0,0,9.75,0,,10.05,264,264,2015,1
1,1/22/2015 23:15:32,1/22/2015 23:40:27,1,18.5,5,N,4,0,0,0,0,9.75,0.3,,10.05,264,264,2015,1
1,1/10/2015 3:19:10,1/10/2015 3:58:44,1,4.2,5,N,2,0,0,0,0,9.75,0.3,,10.05,125,265,2015,1
1,1/29/2015 1:28:08,1/29/2015 1:40:04,2,4.5,5,N,3,0,0,0,0,9.75,0.3,,10.05,163,265,2015,1
1,1/17/2015 2:51:18,1/17/2015 3:33:54,2,7.4,5,N,2,0,0,0,0,9.75,0.3,,10.05,164,265,2015,1
1,1/1/2015 4:09:06,1/1/2015 4:34:35,2,13.9,5,N,2,0,0,0,0,9.75,0,,10.05,144,265,2015,1
1,1/8/2015 23:52:10,1/9/2015 0:47:44,2,19.3,5,N,2,0,0,0,0,9.75,0.3,,10.05,234,265,2015,1
1,1/11/2015 10:49:13,1/11/2015 11:40:17,2,19.6,5,Y,2,0,0,0,0,9.75,0.3,,10.05,48,265,2015,1
1,1/5/2015 21:06:08,1/5/2015 21:07:33,1,0.3,5,N,3,0,0,0,0,9.75,0.3,,10.05,265,265,2015,1
1,1/6/2015 0:05:50,1/6/2015 0:32:01,1,6.3,5,Y,2,0,0,0,0,9.75,0.3,,10.05,43,265,2015,1
1,1/24/2015 23:21:47,1/24/2015 23:34:00,5,3.8,5,N,2,0,0,0,0,9.75,0.3,,10.05,231,265,2015,1
1,1/31/2015 0:36:23,1/31/2015 0:38:43,1,0.5,5,N,4,0,0,0,0,9.75,0.3,,10.05,161,48,2015,1
1,1/12/2015 13:39:59,1/12/2015 13:57:58,2,5.6,5,N,3,0,0,0,0,9.75,0.3,,10.05,211,265,2015,1
1,1/1/2015 5:18:17,1/1/2015 5:34:25,1,4.9,5,N,1,0,0,0,0,9.75,0,,10.05,48,265,2015,1
1,1/5/2015 23:33:53,1/6/2015 0:01:55,1,15.9,5,N,3,0,0,0,0,9.75,0.3,,10.05,161,265,2015,1
1,1/6/2015 23:03:07,1/6/2015 23:50:08,1,21.3,5,N,3,0,0,0,0,9.75,0.3,,10.05,132,265,2015,1
1,1/17/2015 2:24:49,1/17/2015 2:46:53,1,7.7,5,N,4,0,0,0,0,9.75,0.3,,10.05,141,265,2015,1
1,1/1/2015 17:07:55,1/1/2015 17:07:55,1,0,5,N,2,0,0,0,0,5.33,0,,5.63,239,264,2015,1
1,1/8/2015 13:37:50,1/8/2015 16:15:47,1,37.7,5,N,3,0,0,0,0,5.33,0.3,,5.63,230,230,2015,1
1,1/21/2015 20:58:41,1/21/2015 21:26:42,1,18.3,5,N,2,0,0,0,0,5.33,0.3,,5.63,229,265,2015,1
1,1/7/2015 21:21:30,1/7/2015 22:16:20,1,20.9,5,N,2,0,0,0,0,5.33,0.3,,5.63,146,137,2015,1
1,1/9/2015 15:11:20,1/9/2015 15:58:16,1,26.4,5,N,2,0,0,0,0,5.33,0.3,,5.63,132,265,2015,1
1,1/22/2015 12:51:31,1/22/2015 19:18:51,1,63.1,5,N,3,0,0,0,0,5.33,0.3,,5.63,38,132,2015,1
1,1/14/2015 17:37:22,1/14/2015 17:37:22,1,0,5,N,2,0,0,0,0,5.33,0.3,,5.63,264,264,2015,1
1,1/31/2015 17:03:53,1/31/2015 17:42:57,1,25.7,5,N,3,0,0,0,0,5.33,0.3,,5.63,132,265,2015,1
1,1/19/2015 22:37:24,1/19/2015 23:21:23,1,28.9,5,N,2,0,0,0,0,13.75,0.3,,14.05,186,265,2015,1
2,1/28/2015 15:54:58,1/28/2015 15:55:00,0,0,5,N,1,0.8,0,0.5,5,0,0.3,,6.6,264,43,2015,1
1,1/12/2015 0:13:01,1/12/2015 0:15:22,1,0,5,N,2,0.12,0,0,0,0,0.3,,0.42,226,226,2015,1
2,1/25/2015 17:58:44,1/25/2015 17:58:58,1,0,5,N,2,0.02,0,0.5,0,0,0.3,,0.82,264,264,2015,1
2,1/23/2015 0:05:04,1/23/2015 0:06:04,2,0,5,N,2,0.04,0,0,0,0,0.3,,0.34,197,197,2015,1
2,1/17/2015 0:25:52,1/17/2015 0:26:47,2,0,5,N,2,0.04,0,0,0,0,0.3,,0.34,216,216,2015,1
1,1/14/2015 16:52:57,1/14/2015 17:26:35,2,1.3,2,N,3,0.5,0,0,0,5.33,0.3,,6.13,237,138,2015,1
2,1/30/2015 4:13:46,1/30/2015 4:14:17,1,0,5,N,2,1.3,0,0,0,0,0.3,,1.6,68,68,2015,1
2,1/14/2015 13:33:20,1/14/2015 13:35:19,1,0,1,N,2,2.1,0,0.5,0,0,0.3,,2.9,264,264,2015,1
2,1/12/2015 18:55:17,1/12/2015 18:56:27,1,0,1,N,2,2.1,0,0.5,0,0,0.3,,2.9,264,264,2015,1
2,1/12/2015 19:02:27,1/12/2015 19:04:07,1,0,1,N,2,2.1,0,0.5,0,0,0.3,,2.9,264,264,2015,1
2,1/12/2015 18:55:17,1/12/2015 18:56:27,1,0,1,N,2,2.1,0,0.5,0,0,0.3,,2.9,264,264,2015,1
1,1/9/2015 2:25:23,1/9/2015 2:26:41,1,0,4,N,2,2,0.5,0.5,0,0,0.3,,3.3,265,265,2015,1
1,1/20/2015 17:22:55,1/20/2015 17:23:43,1,0,5,N,4,2,0,0,0,0,0.3,,2.3,232,232,2015,1
2,1/9/2015 17:44:44,1/9/2015 17:44:46,1,0,5,N,1,2,0,0,0,0,0.3,,2.3,264,264,2015,1
2,1/6/2015 8:03:24,1/6/2015 8:04:36,1,0.45,5,N,2,2,0,0,0,0,0.3,,2.3,226,260,2015,1
2,1/14/2015 16:13:52,1/14/2015 16:14:01,1,0,1,N,2,2,0,0.5,0,0,0.3,,2.8,264,264,2015,1
2,1/14/2015 13:14:27,1/14/2015 13:14:52,1,0,1,N,2,2,0,0.5,0,0,0.3,,2.8,264,264,2015,1
2,1/14/2015 13:15:48,1/14/2015 13:15:56,1,0,1,N,2,2,0,0.5,0,0,0.3,,2.8,264,264,2015,1
1,1/26/2015 2:20:24,1/26/2015 2:59:41,1,14.4,5,N,4,1,0,0,0,0,0.3,,1.3,230,22,2015,1
1,1/1/2015 1:37:22,1/1/2015 1:46:10,4,1,5,N,4,1,0,0,0,0,0,,1.3,50,143,2015,1
1,1/1/2015 4:05:41,1/1/2015 4:14:35,1,1.4,5,N,3,1,0,0,0,0,0,,1.3,79,164,2015,1
2,1/14/2015 12:32:41,1/14/2015 12:36:02,2,0,1,N,2,1.8,0,0.5,0,0,0.3,,2.6,146,146,2015,1
2,1/31/2015 16:42:50,1/31/2015 16:43:01,1,0,5,N,2,0.1,0,0,0,0,0.3,,0.4,247,264,2015,1
1,1/16/2015 0:07:12,1/16/2015 0:10:24,1,1,5,N,3,1.58,0,0,0,0,0.3,,1.88,132,132,2015,1
1,1/13/2015 4:25:18,1/13/2015 4:25:40,1,0,5,N,3,1.7,0,0,0,0,0.3,,2,36,36,2015,1
2,1/2/2015 9:43:46,1/2/2015 9:44:01,1,0,5,N,3,-0.01,0,0,0,0,0.3,,-0.31,132,132,2015,1
2,1/29/2015 21:58:29,1/29/2015 21:58:55,1,0,5,N,2,0.45,0,0,0,0,0.3,,0.75,88,88,2015,1
1,1/6/2015 23:09:10,1/6/2015 23:15:37,1,0,5,Y,2,0.11,0,0,0,0,0.3,,0.41,132,132,2015,1
2,1/20/2015 20:40:19,1/20/2015 20:41:13,1,8.48,5,N,2,0.01,0,0,0,0,0.3,,0.31,256,256,2015,1
1,1/3/2015 23:31:13,1/3/2015 23:31:46,1,0,5,N,3,0.01,0,0,0,0,0,,0.31,238,238,2015,1
1,1/14/2015 21:12:57,1/14/2015 21:20:00,1,2.1,5,N,3,0.01,0,0,0,0,0.3,,0.31,223,146,2015,1
1,1/20/2015 17:18:47,1/20/2015 17:19:16,1,0,5,N,2,0.01,0,0,0,0,0.3,,0.31,237,237,2015,1
1,1/3/2015 18:15:57,1/3/2015 18:16:27,1,0,5,N,2,0.01,0,0,0,0,0,,0.31,161,161,2015,1
1,1/4/2015 18:35:53,1/4/2015 18:36:34,4,0,5,N,3,0.01,0,0,0,0,0,,0.31,142,142,2015,1
1,1/19/2015 22:38:00,1/19/2015 22:57:05,1,7.1,5,N,2,0.01,0,0,0,0,0.3,,0.31,164,265,2015,1
1,1/9/2015 17:29:08,1/9/2015 17:29:08,2,0,5,N,2,0.01,0,0,0,0,0.3,,0.31,167,264,2015,1
1,1/23/2015 6:37:07,1/23/2015 6:37:32,1,0,5,N,3,0.01,0,0,0,0,0.3,,0.31,168,168,2015,1
1,1/14/2015 22:21:08,1/14/2015 22:31:10,1,1.3,5,N,2,0.01,0,0,0,0,0.3,,0.31,234,249,2015,1
1,1/1/2015 2:08:28,1/1/2015 2:11:34,1,0,5,N,2,0.01,0,0,0,0,0,,0.31,265,265,2015,1
2,1/2/2015 16:00:39,1/2/2015 16:01:39,1,1.28,5,N,2,0.01,0,0,0,0,0.3,,0.31,65,65,2015,1
1,1/13/2015 16:22:59,1/13/2015 16:27:10,1,0.4,5,N,2,0.01,0,0,0,0,0.3,,0.31,142,142,2015,1
1,1/5/2015 6:00:41,1/5/2015 6:00:57,1,0,5,N,4,0.01,0,0,0,0,0.3,,0.31,246,246,2015,1
2,1/9/2015 21:53:57,1/9/2015 21:54:52,1,9.71,5,N,2,0.01,0,0,0,0,0.3,,0.31,65,65,2015,1
1,1/28/2015 22:05:27,1/28/2015 22:06:04,1,0,5,N,3,0.01,0,0,0,0,0.3,,0.31,236,236,2015,1
1,1/26/2015 7:43:12,1/26/2015 7:55:14,2,0,5,N,2,0.01,0,0,0,0,0.3,,0.31,239,238,2015,1
1,1/15/2015 8:48:41,1/15/2015 8:48:58,1,0,5,N,2,0.01,0,0,0,0,0.3,,0.31,234,234,2015,1
1,1/3/2015 22:07:00,1/3/2015 22:09:01,1,0.2,5,N,3,0.01,0,0,0,0,0,,0.31,138,138,2015,1
1,1/2/2015 18:02:07,1/2/2015 18:02:45,1,0.1,5,N,4,0.01,0,0,0,0,0,,0.31,264,264,2015,1
1,1/21/2015 18:44:03,1/21/2015 18:44:10,1,0,5,N,2,0.01,0,0,0,0,0.3,,0.31,164,164,2015,1
1,1/23/2015 3:59:28,1/23/2015 4:24:24,1,5.9,5,N,3,0.01,0,0,0,0,0.3,,0.31,264,264,2015,1
1,1/26/2015 10:01:14,1/26/2015 10:02:34,1,0.4,5,N,2,0.01,0,0,0,0,0.3,,0.31,132,132,2015,1
1,1/9/2015 22:01:58,1/9/2015 22:02:43,1,0,5,N,3,0.01,0,0,0,0,0.3,,0.31,238,238,2015,1
1,1/1/2015 4:14:37,1/1/2015 4:16:26,1,0.1,5,N,2,0.01,0,0,0,0,0,,0.31,37,37,2015,1
1,1/16/2015 14:12:07,1/16/2015 14:12:24,0,0,5,N,2,0.01,0,0,0,0,0.3,,0.31,125,125,2015,1
1,1/29/2015 11:28:00,1/29/2015 11:35:25,1,0.2,5,N,2,0.01,0,0,0,0,0.3,,0.31,265,265,2015,1
1,1/14/2015 14:34:34,1/14/2015 14:35:01,1,0,5,N,3,0.01,0,0,0,0,0.3,,0.31,161,161,2015,1
1,1/10/2015 18:01:38,1/10/2015 18:05:16,1,0.2,5,N,2,0.01,0,0,0,0,0.3,,0.31,265,265,2015,1
1,1/3/2015 3:27:06,1/3/2015 3:28:23,2,0.1,5,N,3,0.01,0,0,0,0,0,,0.31,100,48,2015,1
1,1/10/2015 12:00:29,1/10/2015 12:07:09,3,2,5,N,2,0.01,0,0,0,0,0.3,,0.31,168,119,2015,1
1,1/9/2015 13:54:43,1/9/2015 14:13:57,2,7.9,5,N,2,0.01,0,0,0,0,0.3,,0.31,223,235,2015,1
1,1/1/2015 4:16:56,1/1/2015 4:17:48,1,0,5,N,2,0.01,0,0,0,0,0,,0.31,262,262,2015,1
1,1/1/2015 4:44:56,1/1/2015 4:46:47,1,0.4,5,N,2,0.01,0,0,0,0,0,,0.31,234,186,2015,1
1,1/15/2015 18:15:45,1/15/2015 18:17:34,1,0,5,N,3,0.01,0,0,0,0,0.3,,0.31,163,163,2015,1
1,1/29/2015 1:06:45,1/29/2015 1:09:25,1,0.5,5,N,3,0.01,0,0,0,0,0.3,,0.31,230,163,2015,1
1,1/14/2015 16:51:46,1/14/2015 16:57:04,1,1.5,5,N,2,0.01,0,0,0,0,0.3,,0.31,239,151,2015,1
1,1/6/2015 13:47:36,1/6/2015 13:48:41,1,0,5,N,2,0.01,0,0,0,0,0.3,,0.31,92,92,2015,1
1,1/17/2015 14:02:10,1/17/2015 14:02:45,1,0.1,5,N,4,0.01,0,0,0,0,0.3,,0.31,186,100,2015,1
1,1/12/2015 11:53:04,1/12/2015 11:54:10,1,0,5,N,2,0.01,0,0,0,0,0.3,,0.31,264,114,2015,1
1,1/26/2015 5:59:40,1/26/2015 6:00:01,1,0,5,N,4,0.01,0,0,0,0,0.3,,0.31,246,246,2015,1
2,1/5/2015 17:29:38,1/5/2015 17:30:43,1,9.94,5,N,2,0.01,0,0,0,0,0.3,,0.31,254,254,2015,1
1,1/31/2015 4:45:53,1/31/2015 4:46:40,1,0,5,N,2,0.01,0,0,0,0,0.3,,0.31,230,230,2015,1
1,1/30/2015 14:17:53,1/30/2015 14:30:33,1,4.1,5,N,2,0.01,0,0,0,0,0.3,,0.31,68,265,2015,1
1,1/30/2015 18:32:48,1/30/2015 18:34:29,0,0,5,N,3,0.01,0,0,0,0,0.3,,0.31,170,170,2015,1
1,1/12/2015 10:13:41,1/12/2015 10:37:29,1,3.6,5,N,2,0.01,0,0,0,0,0.3,,0.31,226,161,2015,1
1,1/13/2015 0:55:32,1/13/2015 0:56:05,0,0,5,N,2,0.01,0,0,0,0,0.3,,0.31,132,132,2015,1
1,1/19/2015 5:23:31,1/19/2015 5:23:41,1,0.1,5,N,3,0.01,0,0,0,0,0.3,,0.31,132,132,2015,1
1,1/26/2015 5:31:07,1/26/2015 5:31:46,1,0,5,N,3,0.01,0,0,0,0,0.3,,0.31,134,134,2015,1
1,1/9/2015 22:53:41,1/9/2015 22:55:13,1,0.1,5,N,3,0.01,0,0,0,0,0.3,,0.31,158,158,2015,1
2,1/10/2015 5:55:36,1/10/2015 5:55:41,1,0,5,N,2,0.01,0,0,0,0,0.3,,0.31,264,264,2015,1
1,1/7/2015 16:15:23,1/7/2015 16:21:36,1,0.6,5,N,2,0.01,0,0,0,0,0.3,,0.31,209,231,2015,1
1,1/30/2015 15:50:03,1/30/2015 15:50:11,1,0,5,N,3,0.01,0,0,0,0,0.3,,0.31,145,145,2015,1
1,1/6/2015 1:18:50,1/6/2015 1:18:58,1,0,5,N,2,0.01,0,0,0,0,0.3,,0.31,65,65,2015,1
1,1/11/2015 2:52:14,1/11/2015 3:08:42,3,4.7,5,N,2,0.01,0,0,0,0,0.3,,0.31,158,265,2015,1
1,1/24/2015 0:02:35,1/24/2015 0:03:24,1,0,5,N,2,0.01,0,0,0,0,0.3,,0.31,265,265,2015,1
1,1/12/2015 18:14:57,1/12/2015 18:14:57,1,0,5,N,2,0.01,0,0,0,0,0.3,,0.31,163,264,2015,1
1,1/18/2015 9:16:53,1/18/2015 9:18:12,1,0,5,N,4,0.01,0,0,0,0,0.3,,0.31,28,28,2015,1
2,1/12/2015 9:02:36,1/12/2015 9:27:49,1,2.3,5,N,2,0.01,0,0,0,0,0.3,,0.31,89,61,2015,1
1,1/1/2015 18:16:40,1/1/2015 18:17:19,0,0,5,N,2,0.01,0,0,0,0,0,,0.31,138,138,2015,1
1,1/7/2015 7:45:39,1/7/2015 7:49:29,1,0.2,5,N,2,0.01,0,0,0,0,0.3,,0.31,75,43,2015,1
1,1/11/2015 4:07:30,1/11/2015 4:07:41,1,0.1,5,N,2,0.01,0,0,0,0,0.3,,0.31,154,154,2015,1
1,1/24/2015 23:27:17,1/24/2015 23:27:26,1,0,5,N,2,0.01,0,0,0,0,0.3,,0.31,79,79,2015,1
1,1/23/2015 10:24:10,1/23/2015 10:24:40,1,0,5,N,4,0.01,0,0,0,0,0.3,,0.31,265,265,2015,1
2,1/11/2015 15:20:25,1/11/2015 15:29:09,4,2.24,5,N,2,0.01,0,0,0,0,0.3,,0.31,191,101,2015,1
1,1/24/2015 0:56:53,1/24/2015 0:57:19,2,0,5,N,3,0.01,0,0,0,0,0.3,,0.31,48,48,2015,1
1,1/30/2015 4:07:14,1/30/2015 4:40:33,1,6.7,5,N,2,0.01,0,0,0,0,0.3,,0.31,48,40,2015,1
1,1/23/2015 23:27:04,1/23/2015 23:29:37,1,0.2,5,N,2,0.01,0,0,0,0,0.3,,0.31,48,50,2015,1
1,1/13/2015 15:53:43,1/13/2015 15:54:01,1,0,5,N,2,0.01,0,0,0,0,0.3,,0.31,161,161,2015,1
1,1/24/2015 0:52:47,1/24/2015 0:52:49,1,0,5,N,2,0.01,0,0,0,0,0.3,,0.31,164,164,2015,1
1,1/17/2015 4:00:47,1/17/2015 4:20:29,2,3.5,5,N,3,0.01,0,0,0,0,0.3,,0.31,256,37,2015,1
1,1/24/2015 13:45:55,1/24/2015 13:46:33,1,0,5,N,3,0.01,0,0,0,0,0.3,,0.31,230,230,2015,1
1,1/12/2015 11:52:09,1/12/2015 11:52:48,1,0,5,N,2,0.01,0,0,0,0,0.3,,0.31,114,114,2015,1
1,1/17/2015 1:01:56,1/17/2015 1:03:55,1,0.2,5,N,4,0.01,0,0,0,0,0.3,,0.31,164,164,2015,1
1,1/24/2015 20:32:18,1/24/2015 20:33:11,0,0,5,N,3,0.01,0,0,0,0,0.3,,0.31,161,161,2015,1
2,1/6/2015 3:07:18,1/6/2015 3:11:56,1,0,5,N,2,0.01,0,0,0,0,0.3,,0.31,171,171,2015,1
1,1/11/2015 13:19:34,1/11/2015 13:23:55,1,0.9,5,N,2,0.01,0,0,0,0,0.3,,0.31,238,238,2015,1
1,1/12/2015 19:37:43,1/12/2015 19:39:03,1,0.2,5,N,2,0.01,0,0,0,0,0.3,,0.31,43,142,2015,1
1,1/7/2015 2:08:53,1/7/2015 2:09:57,1,0,5,N,3,0.01,0,0,0,0,0.3,,0.31,265,265,2015,1
1,1/30/2015 17:31:46,1/30/2015 17:32:21,1,0,5,N,2,0.01,0,0,0,0,0.3,,0.31,168,168,2015,1
1,1/31/2015 16:56:37,1/31/2015 16:56:49,1,0,5,N,2,0.01,0,0,0,0,0.3,,0.31,142,142,2015,1
1,1/19/2015 4:04:39,1/19/2015 4:06:22,1,0,5,N,2,0.01,0,0,0,0,0.3,,0.31,246,50,2015,1
1,1/31/2015 0:23:15,1/31/2015 0:28:57,1,0.5,5,N,2,0.01,0,0,0,0,0.3,,0.31,255,255,2015,1
1,1/30/2015 17:54:36,1/30/2015 17:54:53,3,0,5,N,3,0.01,0,0,0,0,0.3,,0.31,265,265,2015,1
1,1/26/2015 8:51:45,1/26/2015 9:34:16,1,7.5,2,N,2,0.01,0,0.5,0,0,0.3,,0.81,48,138,2015,1
1,1/19/2015 20:30:39,1/19/2015 20:57:46,1,14.5,5,N,3,0.01,0,0,0,9.75,0.3,,10.06,231,265,2015,1
1,1/18/2015 4:23:55,1/18/2015 4:50:41,1,12.3,5,N,2,0.01,0,0,0,9.75,0.3,,10.06,100,265,2015,1
1,1/23/2015 9:55:28,1/23/2015 10:21:10,1,14.7,5,N,3,0.01,0,0,0,9.75,0.3,,10.06,141,265,2015,1
1,1/5/2015 13:44:16,1/5/2015 14:03:58,2,5.7,5,N,2,0.01,0,0,0,9.75,0.3,,10.06,48,265,2015,1
1,1/27/2015 16:09:36,1/27/2015 16:15:08,1,0,5,N,4,0.01,0,0,0,5.33,0.3,,5.64,155,154,2015,1
1,1/20/2015 8:59:34,1/20/2015 9:56:09,1,8.9,5,N,2,0.01,0,0,0,5.33,0.3,,5.64,95,161,2015,1
1,1/8/2015 16:52:24,1/8/2015 17:08:26,1,3.7,5,N,2,0.01,0,0,0,5.33,0.3,,5.64,226,161,2015,1
1,1/5/2015 8:53:36,1/5/2015 9:28:15,1,8.7,5,N,3,0.01,0,0,0,5.33,0.3,,5.64,95,161,2015,1
1,1/11/2015 23:32:59,1/11/2015 23:33:49,1,0,5,N,3,0.01,0,0,0,5.33,0.3,,5.64,41,41,2015,1
1,1/3/2015 2:52:50,1/3/2015 2:53:10,1,0,5,N,1,0.01,0,0,19.69,0,0,,20,186,186,2015,1
1,1/1/2015 8:37:04,1/1/2015 8:52:27,2,6.9,5,N,1,0.01,0,0,0,21.75,0,,22.06,158,265,2015,1
1,1/19/2015 6:29:54,1/19/2015 6:48:06,2,6.8,5,N,3,0.01,0,0,0,11.75,0.3,,12.06,158,265,2015,1
1,1/21/2015 12:44:54,1/21/2015 13:21:21,1,22.8,5,N,1,0.01,0,0,15,15.08,0.3,,30.39,130,265,2015,1
1,1/28/2015 8:52:07,1/28/2015 8:52:33,1,0,5,N,1,0.01,0,0,17,0,0.3,,17.31,158,158,2015,1
1,1/1/2015 11:05:00,1/1/2015 11:06:43,1,0,5,N,4,0.01,0,0,0,15.08,0,,15.39,265,265,2015,1
1,1/15/2015 0:03:24,1/15/2015 0:05:38,3,0,5,N,2,0.01,0,0,0,144,0.3,,144.31,265,265,2015,1
1,1/4/2015 12:55:09,1/4/2015 12:55:31,1,0,5,N,2,0.05,0,0,0,0,0,,0.35,1,1,2015,1
1,1/16/2015 10:00:40,1/16/2015 10:01:29,1,0.8,5,N,2,0.05,0,0,0,0,0.3,,0.35,163,48,2015,1
2,1/29/2015 10:30:00,1/29/2015 10:32:54,1,0,5,N,1,128,0,0,25.66,0,0.3,,153.96,265,265,2015,1
1,1/29/2015 1:10:10,1/29/2015 1:35:51,1,20,5,N,1,128,0,0,0,0,0.3,,128.3,50,265,2015,1
2,1/12/2015 11:51:12,1/12/2015 11:52:40,2,0,5,N,1,128,0,0,28.47,14.33,0.3,,171.1,265,265,2015,1
2,1/3/2015 10:44:11,1/3/2015 11:25:44,1,18.82,1,N,2,54.5,0,0.5,0,0,0.3,,55.3,132,106,2015,1
1,1/10/2015 19:25:27,1/10/2015 19:54:14,1,20.8,1,N,1,54.5,0,0.5,0,0,0.3,,55.3,132,14,2015,1
2,1/20/2015 12:24:22,1/20/2015 13:13:34,5,17.51,1,N,2,54.5,0,0.5,0,0,0.3,,55.3,140,9,2015,1
1,1/22/2015 14:08:24,1/22/2015 14:51:02,2,18.8,1,N,2,54.5,0,0.5,0,0,0.3,,55.3,106,39,2015,1
2,1/6/2015 15:29:01,1/6/2015 16:37:02,1,16.39,1,N,2,54.5,0,0.5,0,0,0.3,,55.3,75,178,2015,1
1,1/12/2015 15:49:23,1/12/2015 16:34:38,2,19.9,1,N,2,54.5,0,0.5,0,0,0.3,,55.3,132,67,2015,1
2,1/18/2015 15:27:33,1/18/2015 16:41:35,5,12.35,1,N,2,54.5,0,0.5,0,0,0.3,,55.3,132,138,2015,1
2,1/29/2015 2:27:12,1/29/2015 3:18:19,1,18.38,1,N,1,54.5,0.5,0.5,11,0,0.3,,66.8,79,16,2015,1
2,1/8/2015 21:49:19,1/8/2015 22:20:30,2,20.29,1,N,1,54.5,0.5,0.5,11,0,0.3,,66.8,132,67,2015,1
1,1/30/2015 15:36:14,1/30/2015 16:43:31,1,16.8,1,N,1,54.5,0,0.5,11.06,0,0.3,,66.36,65,220,2015,1
1,1/18/2015 16:48:05,1/18/2015 17:46:20,1,16.4,1,N,1,54.5,0,0.5,11.06,0,0.3,,66.36,132,157,2015,1
1,1/6/2015 21:56:16,1/6/2015 22:31:15,1,19.5,1,N,1,54.5,0.5,0.5,15.25,5.33,0.3,,76.38,231,175,2015,1
2,1/7/2015 21:28:59,1/7/2015 21:57:15,1,20.73,1,N,1,54.5,0.5,0.5,10,0,0.3,,65.8,132,54,2015,1
2,1/17/2015 0:01:10,1/17/2015 0:31:28,5,20.31,1,N,1,54.5,0.5,0.5,12.07,5.33,0.3,,73.2,231,155,2015,1
2,1/12/2015 10:39:43,1/12/2015 11:03:49,2,13.6,3,N,1,54.5,0,0,13.25,11.75,0.3,,79.8,249,1,2015,1
1,1/3/2015 0:33:41,1/3/2015 0:58:59,1,20.7,1,N,1,54.5,0.5,0.5,5,0,0,,60.8,132,54,2015,1
2,1/13/2015 18:55:50,1/13/2015 19:31:15,1,20.38,1,N,1,54.5,1,0.5,11.1,0,0.3,,67.4,132,14,2015,1
2,1/9/2015 17:26:52,1/9/2015 18:05:52,4,19.36,1,N,1,54.5,1,0.5,11.1,0,0.3,,67.4,132,22,2015,1
2,1/28/2015 17:55:39,1/28/2015 18:47:07,1,18.98,1,N,1,54.5,1,0.5,11.1,0,0.3,,67.4,10,97,2015,1
2,1/20/2015 1:51:12,1/20/2015 2:24:37,1,20.24,1,N,2,54.5,0.5,0.5,0,0,0.3,,55.8,132,26,2015,1
2,1/12/2015 21:43:06,1/12/2015 22:13:49,1,20.25,1,N,2,54.5,0.5,0.5,0,0,0.3,,55.8,140,150,2015,1
1,1/30/2015 1:14:34,1/30/2015 1:55:09,1,19,1,N,2,54.5,0.5,0.5,0,0,0.3,,55.8,234,55,2015,1
1,1/29/2015 22:05:15,1/29/2015 22:34:00,1,20.4,1,N,1,54.5,0.5,0.5,11.16,0,0.3,,66.96,132,14,2015,1
2,1/30/2015 23:19:11,1/30/2015 23:55:57,3,20.44,1,N,1,54.5,0.5,0.5,11.16,0,0.3,,66.96,261,46,2015,1
2,1/22/2015 7:48:31,1/22/2015 8:53:26,5,16.63,1,N,1,54.5,0,0.5,7,0,0.3,,62.3,132,255,2015,1
2,1/2/2015 6:29:32,1/2/2015 7:06:01,1,19.39,1,N,1,54.5,0,0.5,35,0,0.3,,90.3,132,265,2015,1
2,1/20/2015 19:08:01,1/20/2015 19:41:44,1,19.98,1,N,1,54.5,1,0.5,11.26,0,0.3,,67.56,132,106,2015,1
2,1/22/2015 17:28:23,1/22/2015 18:16:29,1,19.33,1,N,1,54.5,1,0.5,0,0,0.3,,56.3,132,106,2015,1
1,1/22/2015 17:08:07,1/22/2015 18:01:05,1,18.6,1,N,2,54.5,1,0.5,0,0,0.3,,56.3,132,97,2015,1
2,1/20/2015 18:14:42,1/20/2015 19:17:22,1,17.62,1,N,2,54.5,1,0.5,0,0,0.3,,56.3,138,22,2015,1
1,1/30/2015 19:24:35,1/30/2015 20:06:27,1,19.9,1,N,2,54.5,1,0.5,0,0,0.3,,56.3,132,33,2015,1
2,1/12/2015 7:39:44,1/12/2015 8:48:59,1,15.82,1,N,1,54.5,0,0.5,10.9,0,0.3,,66.2,132,80,2015,1
2,1/11/2015 8:34:42,1/11/2015 9:10:07,5,19.03,1,N,1,54.5,0,0.5,10.9,0,0.3,,66.2,132,257,2015,1
1,1/20/2015 8:08:54,1/20/2015 9:21:31,1,15.3,1,N,1,54.5,0,0.5,5,0,0.3,,60.3,132,255,2015,1
1,1/20/2015 10:05:07,1/20/2015 10:23:39,1,13.9,3,N,1,54.5,0,0,14,15.25,0.3,,84.05,125,1,2015,1
1,1/16/2015 12:59:25,1/16/2015 12:59:41,2,18.9,5,N,1,54.5,0,0,10.95,0,0.3,,65.75,66,66,2015,1
2,1/1/2015 6:13:43,1/1/2015 6:41:14,1,20.6,1,N,1,54.5,0,0.5,0,5.33,0.3,,60.63,132,169,2015,1
2,1/20/2015 9:13:21,1/20/2015 9:54:18,1,19.4,1,N,2,54.5,0,0.5,0,5.33,0.3,,60.63,132,159,2015,1
2,1/1/2015 13:00:24,1/1/2015 13:38:58,2,18.9,1,N,2,54.5,0,0.5,0,5.33,0.3,,60.63,161,16,2015,1
2,1/5/2015 13:33:48,1/5/2015 14:16:05,1,18.6,1,N,2,54.5,0,0.5,0,5.33,0.3,,60.63,132,126,2015,1
2,1/1/2015 16:12:09,1/1/2015 16:34:54,2,13.42,3,N,2,54.5,0,0,0,11.75,0.3,,66.55,231,1,2015,1
2,1/29/2015 0:45:31,1/29/2015 1:14:41,5,20.58,1,N,1,54.5,0.5,0.5,13.95,0,0.3,,69.75,132,40,2015,1
1,1/20/2015 22:28:22,1/20/2015 23:31:07,2,15.8,1,N,1,54.5,0.5,0.5,13.95,0,0.3,,69.75,88,145,2015,1
2,1/24/2015 22:45:30,1/24/2015 23:10:21,1,20.59,1,N,1,54.5,0.5,0.5,13.95,0,0.3,,69.75,132,14,2015,1
1,1/3/2015 6:21:42,1/3/2015 6:47:38,1,20.7,1,N,1,54.5,0,0.5,11.05,0,0,,66.35,40,132,2015,1
2,1/16/2015 13:53:37,1/16/2015 14:20:26,1,13.19,3,N,1,54.5,0,0,5,16.45,0.3,,76.25,231,1,2015,1
1,1/19/2015 0:47:50,1/19/2015 1:22:38,1,20.1,1,N,2,54.5,0.5,0.5,0,5.33,0.3,,61.13,132,69,2015,1
2,1/13/2015 22:11:33,1/13/2015 22:45:16,1,19.98,1,N,1,54.5,0.5,0.5,13.75,0,0.3,,69.55,132,33,2015,1
2,1/9/2015 23:17:20,1/10/2015 0:23:36,2,14.82,1,N,1,54.5,0.5,0.5,13.75,0,0.3,,69.55,163,181,2015,1
2,1/3/2015 23:16:36,1/3/2015 23:52:30,1,20.12,1,N,1,54.5,0.5,0.5,13.75,0,0.3,,69.55,132,25,2015,1
1,1/22/2015 22:53:19,1/22/2015 23:35:25,2,19.1,1,N,1,54.5,0.5,0.5,11.15,0,0.3,,66.95,211,22,2015,1
1,1/2/2015 0:35:21,1/2/2015 1:14:40,1,19,1,N,1,54.5,0.5,0.5,11.15,0,0,,66.95,42,72,2015,1
1,1/30/2015 0:49:56,1/30/2015 1:34:30,3,18.7,1,N,1,54.5,0.5,0.5,11.15,0,0.3,,66.95,231,191,2015,1
1,1/2/2015 10:01:25,1/2/2015 10:24:42,1,11.4,1,N,1,32.2,0,0.5,6.75,5.33,0,,45.08,237,138,2015,1
1,1/2/2015 19:48:40,1/2/2015 20:06:03,1,11.9,1,N,1,32.2,1,0.5,6.8,0,0,,40.8,138,195,2015,1
1,1/1/2015 13:50:33,1/1/2015 14:18:13,2,10.8,1,N,1,32.2,0,0.5,11.49,5.33,0,,49.82,142,138,2015,1
1,1/1/2015 12:37:19,1/1/2015 13:03:54,2,10.8,1,N,1,32.2,0,0.5,7.66,5.33,0,,45.99,43,138,2015,1
2,1/1/2015 17:28:20,1/1/2015 18:23:43,1,34.89,3,N,1,109,0,0,10,20.08,0.3,,139.38,132,1,2015,1
2,1/24/2015 13:48:01,1/24/2015 14:21:11,5,28.2,4,N,1,109,0,0.5,21.96,0,0.3,,131.76,132,265,2015,1
1,1/5/2015 20:22:28,1/5/2015 20:41:21,1,13.1,1,N,1,35.5,0.5,0.5,9.8,2.44,0.3,,49.04,246,200,2015,1
2,1/15/2015 20:37:43,1/15/2015 21:18:58,1,10.46,1,N,1,35.5,0.5,0.5,2,0,0.3,,38.8,256,42,2015,1
2,1/24/2015 22:43:13,1/24/2015 23:10:13,1,12.3,1,N,1,35.5,0.5,0.5,2,0,0.3,,38.8,90,182,2015,1
1,1/9/2015 20:39:06,1/9/2015 21:04:18,1,11.8,1,N,1,35.5,0.5,0.5,4,2.44,0.3,,43.24,68,220,2015,1
1,1/8/2015 10:26:16,1/8/2015 10:47:56,1,12.4,1,N,2,35.5,0,0.5,0,0,0.3,,36.3,132,131,2015,1
2,1/9/2015 11:35:38,1/9/2015 12:05:24,2,12.11,1,N,2,35.5,0,0.5,0,0,0.3,,36.3,138,231,2015,1
2,1/1/2015 17:09:42,1/1/2015 17:31:55,1,12.93,1,N,2,35.5,0,0.5,0,0,0.3,,36.3,138,177,2015,1
1,1/29/2015 14:54:53,1/29/2015 15:23:18,1,12.2,1,N,2,35.5,0,0.5,0,0,0.3,,36.3,170,183,2015,1
1,1/10/2015 19:14:50,1/10/2015 19:37:58,1,12.1,1,N,2,35.5,0,0.5,0,0,0.3,,36.3,132,191,2015,1
2,1/19/2015 19:06:24,1/19/2015 19:31:51,1,13.12,1,N,2,35.5,0,0.5,0,0,0.3,,36.3,138,228,2015,1
2,1/2/2015 9:52:30,1/2/2015 10:35:28,1,9.4,1,N,2,35.5,0,0.5,0,0,0.3,,36.3,138,230,2015,1
1,1/27/2015 11:48:54,1/27/2015 12:17:54,1,12.2,1,N,2,35.5,0,0.5,0,0,0.3,,36.3,230,14,2015,1
2,1/9/2015 13:36:24,1/9/2015 14:15:02,1,10.63,1,N,2,35.5,0,0.5,0,0,0.3,,36.3,238,33,2015,1
2,1/16/2015 9:36:44,1/16/2015 10:04:18,1,12.07,1,N,2,35.5,0,0.5,0,0,0.3,,36.3,140,133,2015,1
2,1/28/2015 15:14:13,1/28/2015 15:53:08,2,10.8,1,N,2,35.5,0,0.5,0,0,0.3,,36.3,138,61,2015,1
1,1/20/2015 14:52:24,1/20/2015 15:42:39,1,8.7,1,N,2,35.5,0,0.5,0,0,0.3,,36.3,144,116,2015,1
2,1/19/2015 18:32:08,1/19/2015 19:09:57,1,11.17,1,N,1,35.5,0,0.5,0,0,0.3,,36.3,234,138,2015,1
2,1/1/2015 11:01:09,1/1/2015 11:23:26,1,12.66,1,N,2,35.5,0,0.5,0,0,0.3,,36.3,237,26,2015,1
2,1/10/2015 13:44:47,1/10/2015 14:15:17,1,11.11,1,N,2,35.5,0,0.5,0,0,0.3,,36.3,144,244,2015,1
2,1/1/2015 17:32:19,1/1/2015 18:01:48,5,11.73,1,N,1,35.5,0,0.5,0,0,0.3,,36.3,132,61,2015,1
1,1/2/2015 6:17:58,1/2/2015 6:53:23,1,10.9,1,N,2,35.5,0,0.5,0,0,0,,36.3,132,83,2015,1
2,1/16/2015 15:16:03,1/16/2015 16:10:14,1,7.31,1,N,2,35.5,0,0.5,0,0,0.3,,36.3,231,89,2015,1
2,1/10/2015 16:15:16,1/10/2015 16:48:39,6,10.82,1,N,2,35.5,0,0.5,0,0,0.3,,36.3,231,244,2015,1
1,1/1/2015 7:35:09,1/1/2015 8:04:25,1,12.6,1,N,2,35.5,0,0.5,0,0,0,,36.3,107,242,2015,1
1,1/20/2015 10:49:47,1/20/2015 11:16:31,1,12.2,1,N,2,35.5,0,0.5,0,0,0.3,,36.3,132,252,2015,1
1,1/28/2015 18:11:56,1/28/2015 18:50:15,3,10.9,1,N,2,35.5,0,0.5,0,0,0.3,,36.3,132,225,2015,1
2,1/22/2015 12:42:40,1/22/2015 13:12:22,1,12.03,1,N,2,35.5,0,0.5,0,0,0.3,,36.3,132,181,2015,1
2,1/25/2015 15:25:54,1/25/2015 16:07:02,5,9.96,1,N,2,35.5,0,0.5,0,0,0.3,,36.3,141,138,2015,1
1,1/21/2015 8:23:38,1/21/2015 8:45:04,1,12.6,1,N,2,35.5,0,0.5,0,0,0.3,,36.3,138,132,2015,1
2,1/3/2015 16:18:22,1/3/2015 16:51:28,1,11.91,1,N,2,35.5,0,0.5,0,0,0.3,,36.3,138,231,2015,1
1,1/4/2015 19:31:49,1/4/2015 20:14:02,1,9.6,1,N,2,35.5,0,0.5,0,0,0,,36.3,161,138,2015,1
2,1/2/2015 15:44:03,1/2/2015 16:15:14,1,12.22,1,N,1,35.5,0,0.5,0,0,0.3,,36.3,132,138,2015,1
2,1/3/2015 11:18:43,1/3/2015 11:39:00,2,12.9,1,N,1,35.5,0,0.5,0,0,0.3,,36.3,97,121,2015,1
2,1/1/2015 12:43:24,1/1/2015 13:05:32,1,12.05,1,N,2,35.5,0,0.5,0,0,0.3,,36.3,132,191,2015,1
1,1/1/2015 18:12:00,1/1/2015 18:39:57,1,11.9,1,N,2,35.5,0,0.5,0,0,0,,36.3,132,49,2015,1
2,1/3/2015 6:39:20,1/3/2015 6:57:30,1,13.09,1,N,1,35.5,0,0.5,0,0,0.3,,36.3,223,132,2015,1
1,1/3/2015 19:47:06,1/3/2015 20:19:22,1,11.8,1,N,2,35.5,0,0.5,0,0,0,,36.3,132,17,2015,1
1,1/10/2015 8:10:27,1/10/2015 8:35:27,1,12,1,N,2,35.5,0,0.5,0,0,0.3,,36.3,132,188,2015,1
1,1/29/2015 15:53:16,1/29/2015 16:35:23,1,10.8,1,N,2,35.5,0,0.5,0,0,0.3,,36.3,45,138,2015,1
1,1/4/2015 16:27:08,1/4/2015 17:03:25,1,11.7,1,N,2,35.5,0,0.5,0,0,0,,36.3,87,138,2015,1
2,1/16/2015 12:10:44,1/16/2015 12:36:16,1,12,1,N,2,35.5,0,0.5,0,0,0.3,,36.3,244,138,2015,1
1,1/29/2015 11:39:41,1/29/2015 12:24:49,1,8.1,1,N,2,35.5,0,0.5,0,0,0.3,,36.3,142,87,2015,1
2,1/21/2015 9:50:36,1/22/2015 0:00:00,1,12.03,1,N,2,35.5,0,0.5,0,0,0.3,,36.3,138,36,2015,1
2,1/14/2015 10:02:46,1/14/2015 10:38:46,3,10.93,1,N,1,35.5,0,0.5,0,0,0.3,,36.3,50,138,2015,1
1,1/3/2015 7:07:04,1/3/2015 7:23:59,1,13.1,1,Y,2,35.5,0,0.5,0,0,0,,36.3,132,260,2015,1
1,1/25/2015 19:17:00,1/25/2015 19:44:59,1,11.9,1,N,2,35.5,0,0.5,0,0,0.3,,36.3,138,76,2015,1
2,1/19/2015 11:21:42,1/19/2015 11:45:17,1,12.87,1,N,2,35.5,0,0.5,0,0,0.3,,36.3,138,261,2015,1
2,1/4/2015 12:06:51,1/4/2015 13:05:29,6,5.43,1,N,2,35.5,0,0.5,0,0,0.3,,36.3,107,234,2015,1
2,1/21/2015 13:28:44,1/21/2015 14:12:54,3,9.25,1,N,2,35.5,0,0.5,0,0,0.3,,36.3,142,62,2015,1
1,1/8/2015 12:03:12,1/8/2015 12:39:18,2,10.6,1,N,2,35.5,0,0.5,0,0,0.3,,36.3,138,65,2015,1
1,1/28/2015 12:43:37,1/28/2015 13:26:57,1,9,1,N,1,35.5,0,0.5,0,0,0.3,,36.3,138,236,2015,1
2,1/28/2015 7:20:23,1/28/2015 7:48:24,2,12.35,1,N,2,35.5,0,0.5,0,0,0.3,,36.3,132,138,2015,1
1,1/15/2015 8:52:42,1/15/2015 9:25:08,1,11.2,1,N,2,35.5,0,0.5,0,0,0.3,,36.3,100,20,2015,1
1,1/21/2015 14:07:08,1/21/2015 14:35:07,1,11.9,1,N,2,35.5,0,0.5,0,0,0.3,,36.3,132,138,2015,1
1,1/3/2015 9:33:31,1/3/2015 9:56:00,1,12.6,1,N,2,35.5,0,0.5,0,0,0,,36.3,148,127,2015,1
1,1/20/2015 12:36:17,1/20/2015 13:06:53,1,12,1,N,2,35.5,0,0.5,0,0,0.3,,36.3,138,87,2015,1
2,1/9/2015 9:35:59,1/9/2015 10:20:33,1,9.76,1,N,2,35.5,0,0.5,0,0,0.3,,36.3,7,88,2015,1
1,1/12/2015 12:29:27,1/12/2015 13:02:55,1,11,1,N,2,35.5,0,0.5,0,0,0.3,,36.3,164,138,2015,1
2,1/4/2015 10:24:40,1/4/2015 10:53:08,2,11.54,1,N,2,35.5,0,0.5,0,0,0.3,,36.3,230,31,2015,1
2,1/17/2015 6:39:04,1/17/2015 7:03:06,5,12.05,1,N,2,35.5,0,0.5,0,0,0.3,,36.3,132,129,2015,1
2,1/5/2015 12:44:46,1/5/2015 13:23:15,5,10.36,1,N,2,35.5,0,0.5,0,0,0.3,,36.3,88,63,2015,1
2,1/11/2015 12:26:01,1/11/2015 12:46:51,5,12.22,1,N,2,35.5,0,0.5,0,0,0.3,,36.3,132,70,2015,1
1,1/23/2015 11:18:04,1/23/2015 12:09:19,1,7.8,1,N,2,35.5,0,0.5,0,0,0.3,,36.3,230,82,2015,1
2,1/17/2015 10:01:41,1/17/2015 10:27:58,1,12.17,1,N,2,35.5,0,0.5,0,0,0.3,,36.3,237,121,2015,1
1,1/20/2015 15:36:29,1/20/2015 16:02:09,1,12.3,1,N,2,35.5,0,0.5,0,0,0.3,,36.3,264,129,2015,1
2,1/3/2015 13:59:39,1/3/2015 14:37:25,5,10.73,1,N,2,35.5,0,0.5,0,0,0.3,,36.3,230,195,2015,1
2,1/14/2015 14:44:16,1/14/2015 15:18:55,1,10.71,1,N,2,35.5,0,0.5,0,0,0.3,,36.3,138,231,2015,1
1,1/4/2015 18:47:51,1/4/2015 19:21:04,3,11,1,N,2,35.5,0,0.5,0,0,0,,36.3,138,181,2015,1
1,1/6/2015 13:53:36,1/6/2015 14:46:41,1,7,1,N,2,35.5,0,0.5,0,0,0.3,,36.3,230,217,2015,1
1,1/11/2015 9:43:36,1/11/2015 10:08:56,2,11.8,1,N,2,35.5,0,0.5,0,0,0.3,,36.3,249,138,2015,1
1,1/18/2015 13:19:27,1/18/2015 14:01:08,1,9.3,1,N,2,35.5,0,0.5,0,0,0.3,,36.3,263,256,2015,1
1,1/8/2015 7:36:22,1/8/2015 8:15:49,1,10.4,1,N,1,35.5,0,0.5,0,0,0.3,,36.3,238,33,2015,1
1,1/26/2015 15:49:40,1/26/2015 16:51:43,1,6,1,N,1,35.5,0,0.5,0,0,0.3,,36.3,142,168,2015,1
2,1/15/2015 14:00:43,1/15/2015 14:41:50,3,9.96,1,N,2,35.5,0,0.5,0,0,0.3,,36.3,234,133,2015,1
2,1/18/2015 14:23:29,1/18/2015 14:49:42,2,12.74,1,N,2,35.5,0,0.5,0,0,0.3,,36.3,138,132,2015,1
1,1/23/2015 8:39:04,1/23/2015 9:11:16,1,11.3,1,N,2,35.5,0,0.5,0,0,0.3,,36.3,138,38,2015,1
1,1/5/2015 12:54:07,1/5/2015 13:22:43,4,11.6,1,N,2,35.5,0,0.5,0,0,0.3,,36.3,132,138,2015,1
2,1/23/2015 14:14:18,1/23/2015 14:54:49,1,10.12,1,N,2,35.5,0,0.5,0,0,0.3,,36.3,161,138,2015,1
2,1/13/2015 10:43:57,1/13/2015 11:04:54,1,12.83,1,N,2,35.5,0,0.5,0,0,0.3,,36.3,132,155,2015,1
2,1/24/2015 16:29:02,1/24/2015 16:49:35,2,13.02,1,N,2,35.5,0,0.5,0,0,0.3,,36.3,132,64,2015,1
1,1/31/2015 8:23:45,1/31/2015 8:45:35,1,12.4,1,N,2,35.5,0,0.5,0,0,0.3,,36.3,87,129,2015,1
2,1/30/2015 11:45:26,1/30/2015 12:36:12,1,8.3,1,N,2,35.5,0,0.5,0,0,0.3,,36.3,50,198,2015,1
2,1/30/2015 13:13:08,1/30/2015 13:48:55,1,11.08,1,N,2,35.5,0,0.5,0,0,0.3,,36.3,138,87,2015,1
2,1/31/2015 18:43:48,1/31/2015 19:35:24,1,7.47,1,N,2,35.5,0,0.5,0,0,0.3,,36.3,186,62,2015,1
1,1/30/2015 9:17:54,1/30/2015 9:56:26,1,10.4,1,N,2,35.5,0,0.5,0,0,0.3,,36.3,107,244,2015,1
2,1/31/2015 13:33:24,1/31/2015 14:22:22,5,8.56,1,N,2,35.5,0,0.5,0,0,0.3,,36.3,68,68,2015,1
1,1/1/2015 16:43:41,1/1/2015 17:32:41,1,9.3,1,N,4,35.5,0,0.5,0,0,0,,36.3,211,142,2015,1
2,1/5/2015 14:07:58,1/5/2015 14:37:15,2,12.19,1,N,2,35.5,0,0.5,0,0,0.3,,36.3,132,138,2015,1
2,1/6/2015 14:30:30,1/6/2015 14:57:33,2,12.06,1,N,2,35.5,0,0.5,0,0,0.3,,36.3,132,129,2015,1
1,1/5/2015 12:51:44,1/5/2015 13:21:20,2,11.5,1,N,2,35.5,0,0.5,0,0,0.3,,36.3,264,264,2015,1
1,1/17/2015 9:39:23,1/17/2015 10:01:40,1,12.3,1,N,2,35.5,0,0.5,0,0,0.3,,36.3,68,248,2015,1
1,1/21/2015 19:16:32,1/21/2015 19:51:54,1,11.2,1,N,1,35.5,1,0.5,7.94,2.44,0.3,,47.68,239,200,2015,1
2,1/10/2015 14:45:56,1/10/2015 15:41:29,1,6.61,1,N,1,35.5,0,0.5,8.88,0,0.3,,45.18,161,163,2015,1
2,1/26/2015 6:55:48,1/26/2015 7:25:22,1,12.16,1,N,1,35.5,0,0.5,8.88,0,0.3,,45.18,48,138,2015,1
2,1/2/2015 12:55:56,1/2/2015 13:24:11,1,11.54,1,N,1,35.5,0,0.5,8.88,0,0.3,,45.18,144,243,2015,1
2,1/18/2015 10:07:59,1/18/2015 10:43:40,1,10.9,1,N,1,35.5,0,0.5,8.88,0,0.3,,45.18,162,138,2015,1
2,1/25/2015 15:14:16,1/25/2015 15:52:02,1,10.88,1,N,1,35.5,0,0.5,8.33,5.33,0.3,,49.96,48,138,2015,1
2,1/21/2015 8:29:55,1/21/2015 9:03:19,6,10.99,1,N,1,35.5,0,0.5,8.33,5.33,0.3,,49.96,90,22,2015,1
2,1/28/2015 12:01:11,1/28/2015 12:41:12,6,9.88,1,N,1,35.5,0,0.5,8.33,5.33,0.3,,49.96,138,230,2015,1
2,1/21/2015 13:51:51,1/21/2015 14:20:50,1,11.73,1,N,1,35.5,0,0.5,8.33,5.33,0.3,,49.96,142,138,2015,1
1,1/14/2015 7:41:31,1/14/2015 8:13:47,2,11.5,1,N,1,35.5,0,0.5,8.33,5.33,0.3,,49.96,138,233,2015,1
2,1/20/2015 11:05:22,1/20/2015 11:53:22,1,9.09,1,N,1,35.5,0,0.5,8.33,5.33,0.3,,49.96,138,137,2015,1
2,1/30/2015 9:37:39,1/30/2015 10:24:31,1,9.29,1,N,1,35.5,0,0.5,8.33,5.33,0.3,,49.96,138,164,2015,1
2,1/29/2015 8:37:07,1/29/2015 9:14:58,1,10.78,1,N,1,35.5,0,0.5,8.33,5.33,0.3,,49.96,138,162,2015,1
2,1/20/2015 10:54:21,1/20/2015 11:30:37,1,11.06,1,N,1,35.5,0,0.5,8.33,5.33,0.3,,49.96,138,161,2015,1
2,1/21/2015 15:12:17,1/21/2015 15:42:00,1,11.86,1,N,1,35.5,0,0.5,8.33,5.33,0.3,,49.96,48,138,2015,1
2,1/23/2015 12:58:17,1/23/2015 13:20:45,1,12.77,1,N,1,35.5,0,0.5,8.33,5.33,0.3,,49.96,138,79,2015,1
2,1/26/2015 10:34:38,1/26/2015 11:08:03,1,11.2,1,N,1,35.5,0,0.5,8.33,5.33,0.3,,49.96,138,142,2015,1
2,1/25/2015 17:03:42,1/25/2015 17:32:53,1,12.21,1,N,1,35.5,0,0.5,8.33,5.33,0.3,,49.96,230,138,2015,1
2,1/31/2015 19:10:01,1/31/2015 19:48:07,3,10.7,1,N,1,35.5,0,0.5,8.33,5.33,0.3,,49.96,138,143,2015,1
2,1/30/2015 15:19:38,1/30/2015 15:53:02,1,11.41,1,N,1,35.5,0,0.5,8.33,5.33,0.3,,49.96,138,170,2015,1
2,1/30/2015 8:43:00,1/30/2015 9:29:20,1,9.57,1,N,1,35.5,0,0.5,8.33,5.33,0.3,,49.96,138,246,2015,1
1,1/9/2015 22:26:37,1/9/2015 22:52:35,1,11.8,1,N,1,35.5,0.5,0.5,11,0,0.3,,47.8,249,192,2015,1
1,1/8/2015 20:34:32,1/8/2015 21:01:43,1,12,1,N,1,35.5,0.5,0.5,11,0,0.3,,47.8,138,181,2015,1
1,1/1/2015 3:57:24,1/1/2015 4:21:26,1,11.8,1,N,1,35.5,0.5,0.5,11,0,0,,47.8,61,7,2015,1
1,1/30/2015 5:27:53,1/30/2015 6:01:16,1,11.7,1,N,1,35.5,0.5,0.5,11,0,0.3,,47.8,132,62,2015,1
2,1/22/2015 21:24:00,1/22/2015 21:53:55,5,11.64,1,N,1,35.5,0.5,0.5,7.36,0,0.3,,44.16,138,90,2015,1
1,1/17/2015 2:25:12,1/17/2015 2:49:52,1,12.5,1,N,1,35.5,0.5,0.5,7.36,0,0.3,,44.16,158,136,2015,1
2,1/21/2015 20:18:56,1/21/2015 20:40:56,1,12.3,1,N,1,35.5,0.5,0.5,7.36,0,0.3,,44.16,138,87,2015,1
2,1/22/2015 0:11:15,1/22/2015 0:37:34,1,11.97,1,N,1,35.5,0.5,0.5,7.36,0,0.3,,44.16,164,26,2015,1
2,1/22/2015 5:29:20,1/22/2015 5:55:30,1,12.64,1,N,1,35.5,0.5,0.5,7.36,0,0.3,,44.16,132,189,2015,1
2,1/21/2015 20:44:16,1/21/2015 21:08:03,6,12.46,1,N,1,35.5,0.5,0.5,7.36,0,0.3,,44.16,138,88,2015,1
1,1/8/2015 0:18:35,1/8/2015 0:41:24,1,12.6,1,N,1,35.5,0.5,0.5,7.36,0,0.3,,44.16,138,13,2015,1
1,1/23/2015 0:57:29,1/23/2015 1:20:11,1,12.9,1,Y,1,35.5,0.5,0.5,7.36,0,0.3,,44.16,170,3,2015,1
2,1/31/2015 2:05:23,1/31/2015 2:32:47,1,12.09,1,N,1,35.5,0.5,0.5,7.36,0,0.3,,44.16,148,243,2015,1
2,1/30/2015 0:32:54,1/30/2015 1:09:31,2,11.02,1,N,1,35.5,0.5,0.5,7.36,0,0.3,,44.16,161,133,2015,1
2,1/30/2015 2:45:22,1/30/2015 3:25:31,1,10.49,1,N,1,35.5,0.5,0.5,7.36,0,0.3,,44.16,4,76,2015,1
1,1/29/2015 23:59:08,1/30/2015 0:30:17,2,11.6,1,N,1,35.5,0.5,0.5,7.36,0,0.3,,44.16,138,90,2015,1
1,1/11/2015 1:25:16,1/11/2015 1:52:33,2,11.9,1,N,1,35.5,0.5,0.5,7.36,0,0.3,,44.16,79,14,2015,1
2,1/31/2015 22:37:02,1/31/2015 23:12:55,2,10.39,1,N,1,35.5,0.5,0.5,7.36,0,0.3,,44.16,158,223,2015,1
1,1/14/2015 22:05:38,1/14/2015 22:32:27,2,11.9,1,N,1,35.5,0.5,0.5,5.2,0,0.3,,42,138,40,2015,1
1,1/7/2015 22:12:00,1/7/2015 22:46:08,1,10.8,1,N,1,35.5,0.5,0.5,6,0,0.3,,42.8,238,61,2015,1
1,1/9/2015 22:57:43,1/9/2015 23:31:19,1,11.3,1,N,1,35.5,0.5,0.5,6,0,0.3,,42.8,209,152,2015,1
2,1/4/2015 1:51:51,1/4/2015 2:19:20,1,11.96,1,N,1,35.5,0.5,0.5,6,0,0.3,,42.8,232,244,2015,1
2,1/25/2015 3:57:41,1/25/2015 4:29:42,1,11.24,1,N,1,35.5,0.5,0.5,6,0,0.3,,42.8,37,82,2015,1
1,1/14/2015 11:45:18,1/14/2015 12:18:12,1,11.1,1,N,1,35.5,0,0.5,4,0,0.3,,40.3,158,138,2015,1
1,1/4/2015 8:58:32,1/4/2015 9:29:40,1,11.3,1,N,1,35.5,0,0.5,4,0,0,,40.3,246,138,2015,1
2,1/4/2015 17:05:31,1/4/2015 17:36:27,1,11.44,1,N,1,35.5,0,0.5,4,0,0.3,,40.3,132,188,2015,1
1,1/28/2015 19:04:08,1/28/2015 19:34:46,1,11.8,1,N,1,35.5,1,0.5,3,0,0.3,,40.3,125,127,2015,1
1,1/15/2015 14:36:53,1/15/2015 15:13:10,1,10.9,1,N,1,35.5,0,0.5,4,0,0.3,,40.3,113,138,2015,1
2,1/22/2015 21:18:41,1/22/2015 21:42:10,1,12.39,1,N,1,35.5,0.5,0.5,6.8,0,0.3,,43.6,138,231,2015,1
1,1/19/2015 2:36:51,1/19/2015 3:12:24,1,11.7,1,N,1,35.5,0.5,0.5,1,0,0.3,,37.8,97,218,2015,1
2,1/5/2015 17:11:07,1/5/2015 17:49:16,1,10.28,1,N,1,35.5,1,0.5,8.37,5.33,0.3,,51,138,43,2015,1